{"OUTDOOR_TEMP": [17.47604904031321, 8.592365198196818], "PYRANOMETER": [0.21546390796956302, 0.312319432325645]}