{"OUTDOOR_TEMP": [17.483682536628475, 8.700585621925267], "PYRANOMETER": [0.21419866304431368, 0.31188925810616713]}