{"0": 0.6141592920353982, "4": 0.18230088495575222, "2": 0.09026548672566372, "1": 0.07315634218289085, "3": 0.040117994100294985}