{"0": 0.5833333333333334, "1": 0.203125, "4": 0.140625, "2": 0.0625, "3": 0.010416666666666666}