{"0": 0.6147492625368731, "1": 0.10678466076696165, "2": 0.10442477876106195, "4": 0.0943952802359882, "3": 0.07964601769911504}