{"0": 0.037209398903065544, "1": 0.2142110146795265, "2": 0.2190519415649395, "4": 0.24232621035621435, "3": 0.28720143449625407}