{"0": 0.01849988597458584, "4": 0.06927475287605706, "1": 0.07185963171471589, "2": 0.2567784173272515, "3": 0.5835873121073897}