{"0": 0.028672323670834967, "4": 0.09659510984252169, "2": 0.19508424144666145, "1": 0.24070878178499355, "3": 0.43893954325498824}