{"OUTDOOR_TEMP": [17.48368253662848, 8.700585621925267], "PYRANOMETER": [0.21419866304431368, 0.31188925810616713]}