{"Unnamed: 0": [861.0906976744186, 500.85777605918673], "humidity": [61.251041608910924, 15.181310830571782], "pressure": [1012.9782961044582, 5.365216536322363], "feels_like": [17.97240415733361, 9.181487919382171], "temp": [18.63217415848606, 8.268436920458479], "wind_speed": [4.561839727750256, 2.5525325785585515], "rain_1h": [0.14452533488642985, 1.5549978710190904], "rain_3h": [0.0, 0.0], "snow_1h": [0.026796738497379152, 0.8280981180047685], "snow_3h": [0.0, 0.0], "OUTDOOR_TEMP": [17.930172974514427, 9.096646130284697], "PYRANOMETER": [0.2262796619227565, 0.30329606123440145], "DHW_BOTTOM": [38.88836780414294, 6.817208082953749], "POWER_PVT": [0.21867021840669054, 0.4667484967015781], "Q_PVT": [0.81230059410884, 1.7935991066821793], "binned_Q_PVT": [0.7250737463126844, 1.4295507434464743], "FixedBin": [0.9610619469026549, 1.4873393454453194], "ValueCountBin": [0.9321533923303835, 1.3725246345915882], "ValueRangeBin": [1.103244837758112, 1.5800057076609244], "SIN_MONTH": [0.28271911484105366, 0.6501086102565651], "COS_MONTH": [-0.32424564149349794, 0.6267116847447538], "SIN_DAY": [0.010552814520353126, 0.7383132876653273], "COS_DAY": [-0.10890142064484783, 0.665955987769911], "SIN_HOUR": [6.609699867535816e-17, 0.7073124251580862], "COS_HOUR": [-8.055571713559276e-17, 0.7073124251580862]}